1,500,1
2,595,1
3,695,1
4,124 Spider,1
5,500C,1
6,500e,1
7,500e C,1
8,595C,1
9,600e,1
10,695C,1
11,Punto Evo,1
12,75,2
13,145,2
14,147,2
15,156,2
16,159,2
17,164,2
18,166,2
19,156 Sportwagon,2
20,159 Sportwagon,2
21,4C,2
22,8C,2
23,Brera,2
24,Giulia,2
25,Giulietta,2
26,GT,2
27,GTV,2
28,Junior,2
29,MiTo,2
30,Spider,2
31,Stelvio,2
32,Tonale,2
33,A110,3
34,A290,3
35,Cygnet,4
36,DB11,4
37,DB12,4
38,DB7,4
39,DB9,4
40,DBS,4
41,DBX,4
42,Rapide,4
43,Rapide S,4
44,V8,4
45,Vanquish,4
46,Vantage,4
47,Virage,4
48,80,5
49,100,5
50,A1,5
51,A2,5
52,A3,5
53,A3 Cabriolet,5
54,A4,5
55,A4 Allroad,5
56,A4 Avant,5
57,A4 Cabriolet,5
58,A5,5
59,A5 Avant,5
60,A5 Cabriolet,5
61,A6,5
62,A6 Allroad,5
63,A6 Avant,5
64,A6 e-tron Avant,5
65,A6 e-tron Sportback,5
66,A6 Saloon,5
67,A7,5
68,A8,5
69,Allroad,5
70,Cabriolet,5
71,Coupe,5
72,e-tron,5
73,e-tron GT,5
74,e-tron S,5
75,Q2,5
76,Q3,5
77,Q4 e-tron,5
78,Q5,5
79,Q6 e-tron,5
80,Q7,5
81,Q8,5
82,Q8 e-tron,5
83,R8,5
84,RS e-tron GT,5
85,RS Q3,5
86,RS3,5
87,RS4 Avant,5
88,RS5,5
89,RS6,5
90,RS6 Avant,5
91,RS7,5
92,RSQ8,5
93,S e-tron GT,5
94,S1,5
95,S3,5
96,S4,5
97,S4 Avant,5
98,S5,5
99,S5 Avant,5
100,S6 Avant,5
101,S6 e-tron Avant,5
102,S6 Saloon,5
103,S7,5
104,S8,5
105,SQ2,5
106,SQ5,5
107,SQ6 e-tron,5
108,SQ7,5
109,SQ8,5
110,SQ8 e-tron,5
111,TT,5
112,TT RS,5
113,TTS,5
114,Ambassador,6
115,Maestro,6
116,Metro,6
117,Mini,6
118,Arnage,7
119,Azure,7
120,Bentayga,7
121,Continental,7
122,Flying Spur,7
123,Mulsanne,7
124,1 Series,8
125,2 Series,8
126,2 Series Active Tourer,8
127,2 Series Gran Coupe,8
128,2 Series Gran Tourer,8
129,3 Series,8
130,3 Series Gran Turismo,8
131,4 Series,8
132,4 Series Gran Coupe,8
133,5 Series,8
134,5 Series Gran Turismo,8
135,6 Series,8
136,6 Series Gran Coupe,8
137,6 Series Gran Turismo,8
138,7 Series,8
139,8 Series,8
140,8 Series Gran Coupe,8
141,Alpina B3,8
142,Alpina B4 Gran Coupe,8
143,Alpina B5,8
144,Alpina B8 Gran Coupe,8
145,Alpina D3,8
146,Alpina D4,8
147,Alpina D5,8
148,Alpina XD3,8
149,i3,8
150,i4,8
151,i5,8
152,i7,8
153,i8,8
154,iX,8
155,iX1,8
156,iX2,8
157,iX3,8
158,M2,8
159,M3,8
160,M4,8
161,M5,8
162,M6,8
163,M6 Gran Coupe,8
164,M8,8
165,M8 Gran Coupe,8
166,X1,8
167,X2,8
168,X3,8
169,X3 M,8
170,X4,8
171,X4 M,8
172,X5,8
173,X5 M,8
174,X6,8
175,X6 M,8
176,X7,8
177,XM,8
178,Z3,8
179,Z4,8
180,Z4 M,8
181,Z8,8
182,Atto 3,9
183,Dolphin,9
184,Seal,9
185,Seal U,9
186,Sealion 7,9
187,BLS,10
188,Escalade,10
189,SRX,10
190,Seven,11
191,Aveo,12
192,Camaro,12
193,Captiva,12
194,Corvette Stingray,12
195,Cruze,12
196,Kalos,12
197,Lacetti,12
198,Matiz,12
199,Orlando,12
200,Spark,12
201,Tacuma,12
202,Trax,12
203,300C,13
204,Crossfire,13
205,Grand Voyager,13
206,PT Cruiser,13
207,Sebring,13
208,Voyager,13
209,Ypsilon,13
210,2 CV,14
211,Ami,14
212,AX,14
213,Berlingo,14
214,C-Crosser,14
215,C1,14
216,C2,14
217,C3,14
218,C3 Aircross,14
219,C3 Picasso,14
220,C3 Pluriel,14
221,C4,14
222,C4 Cactus,14
223,C4 Picasso,14
224,C4 SpaceTourer,14
225,C4 X,14
226,C5,14
227,C5 Aircross,14
228,C5 X,14
229,C6,14
230,C8,14
231,Dispatch,14
232,DS3,14
233,DS3 Cabrio,14
234,DS4,14
235,DS5,14
236,e-Berlingo,14
237,e-C3,14
238,e-C3 Aircross,14
239,e-C4,14
240,e-C4 X,14
241,e-SpaceTourer,14
242,Grand C4 Picasso,14
243,Grand C4 SpaceTourer,14
244,Holidays,14
245,Nemo Multispace,14
246,Relay,14
247,Saxo,14
248,SpaceTourer,14
249,Xantia,14
250,Xsara,14
251,Xsara Picasso,14
252,Ateca,15
253,Born,15
254,Formentor,15
255,Leon,15
256,Tavascan,15
257,Terramar,15
258,Bigster,16
259,Duster,16
260,Jogger,16
261,Logan MCV,16
262,Logan MCV Stepway,16
263,Sandero,16
264,Sandero Stepway,16
265,Spring,16
266,Kalos,17
267,Matiz,17
268,Charade,18
269,Copen,18
270,Sirion,18
271,Terios,18
272,Super Eight,19
273,XJ Series,19
274,Avenger,20
275,Caliber,20
276,Journey,20
277,Nitro,20
278,RAM,20
279,Viper,20
280,DS 3,21
281,DS 3 CABRIO,21
282,DS 3 CROSSBACK,21
283,DS 4,21
284,DS 4 CROSSBACK,21
285,DS 5,21
286,DS 7,21
287,DS 7 CROSSBACK,21
288,DS 9,21
289,DS No8,21
290,308,22
291,328,22
292,348,22
293,360,22
294,430,22
295,456,22
296,458,22
297,488,22
298,550,22
299,599,22
300,612,22
301,12Cilindri,22
302,296 GTB,22
303,296 GTS,22
304,488 Pista,22
305,575M,22
306,812 Competizione,22
307,812 GTS,22
308,812 Superfast,22
309,California,22
310,F12 Berlinetta,22
311,F12 tdf,22
312,F355,22
313,F8 Spider,22
314,F8 Tributo,22
315,FF,22
316,GTC4Lusso,22
317,Mondial,22
318,Portofino,22
319,Portofino M,22
320,Purosangue,22
321,Roma,22
322,SF90 Spider,22
323,SF90 Stradale,22
324,Superamerica,22
325,500,23
326,600,23
327,124 Spider,23
328,500C,23
329,500e,23
330,500e C,23
331,500L,23
332,500X,23
333,500X Dolcevita,23
334,600e,23
335,Barchetta,23
336,Bravo,23
337,Cinquecento,23
338,Coupe,23
339,Doblo,23
340,Ducato,23
341,Fiorino,23
342,Fullback,23
343,Grande Panda,23
344,Grande Punto,23
345,Multipla,23
346,Panda,23
347,Punto,23
348,Punto Evo,23
349,Qubo,23
350,Scudo,23
351,Sedici,23
352,Seicento,23
353,Talento,23
354,Tipo,23
355,Uno,23
356,X1/9,23
357,Ocean,24
358,B-Max,25
359,C-Max,25
360,Capri,25
361,E-Tourneo Custom,25
362,E-Transit Custom,25
363,EcoSport,25
364,Edge,25
365,Escort,25
366,Explorer,25
367,Fiesta,25
368,Fiesta Van,25
369,Focus,25
370,Focus C-Max,25
371,Focus CC,25
372,Fusion,25
373,Galaxy,25
374,Granada,25
375,Grand C-Max,25
376,Grand Tourneo Connect,25
377,Ka,25
378,Ka+,25
379,Kuga,25
380,Maverick,25
381,Mondeo,25
382,Mustang,25
383,Mustang Mach-E,25
384,Orion,25
385,Puma,25
386,Puma Gen-E,25
387,Ranger,25
388,S-Max,25
389,Scorpio,25
390,Sierra,25
391,Streetka,25
392,Tourneo,25
393,Tourneo Connect,25
394,Tourneo Courier,25
395,Tourneo Custom,25
396,Transit,25
397,Transit Connect,25
398,Transit Courier,25
399,Transit Custom,25
400,G70,26
401,G80,26
402,GV60,26
403,GV70,26
404,GV80,26
405,Funky Cat,27
406,Haval Jolion Pro,27
407,ORA 03,27
408,Accord,28
409,Civic,28
410,CR-V,28
411,CR-X,28
412,CR-Z,28
413,e:Ny1,28
414,FR-V,28
415,Honda E,28
416,HR-V,28
417,Insight,28
418,Integra,28
419,Jazz,28
420,Legend,28
421,Logo,28
422,NSX,28
423,Prelude,28
424,S2000,28
425,Shuttle,28
426,Stream,28
427,ZR-V,28
428,H2,29
429,H3,29
430,Accent,30
431,Amica,30
432,BAYON,30
433,Coupe,30
434,Elantra,30
435,Genesis,30
436,Getz,30
437,i10,30
438,i20,30
439,i30,30
440,i40,30
441,i800,30
442,INSTER,30
443,IONIQ,30
444,IONIQ 5,30
445,IONIQ 6,30
446,ix20,30
447,ix35,30
448,KONA,30
449,Matrix,30
450,NEXO,30
451,Santa Fe,30
452,Sonata,30
453,Terracan,30
454,Trajet,30
455,TUCSON,30
456,Veloster,30
457,Grenadier,31
458,Grenadier Quartermaster,31
459,EX,32
460,FX,32
461,G,32
462,M,32
463,Q30,32
464,Q50,32
465,Q60,32
466,Q70,32
467,QX30,32
468,QX50,32
469,QX70,32
470,D-Max,33
471,Rodeo,33
472,Trooper,33
473,Daily,34
474,JAECOO 7,35
475,E-PACE,36
476,F-PACE,36
477,F-Type,36
478,I-PACE,36
479,S-Type,36
480,X-Type,36
481,XE,36
482,XF,36
483,XFR-S,36
484,XJ,36
485,XJR,36
486,XJS,36
487,XK,36
488,XK8,36
489,XKR,36
490,XKR-S,36
491,Avenger,37
492,Cherokee,37
493,Commander,37
494,Compass,37
495,Grand Cherokee,37
496,Patriot,37
497,Renegade,37
498,Willys,37
499,Actyon,38
500,Korando,38
501,Korando e-Motion,38
502,Musso,38
503,Rexton,38
504,Tivoli,38
505,Torres,38
506,Torres EVX,38
507,Carens,39
508,Ceed,39
509,Cerato,39
510,EV3,39
511,EV6,39
512,EV9,39
513,Magentis,39
514,Niro,39
515,Optima,39
516,Picanto,39
517,ProCeed,39
518,Rio,39
519,Sedona,39
520,Sorento,39
521,Soul,39
522,Sportage,39
523,Stinger,39
524,Stonic,39
525,Venga,39
526,XCeed,39
527,Aventador,40
528,Countach,40
529,Gallardo,40
530,Huracan,40
531,Murcielago,40
532,Revuelto,40
533,Urus,40
534,Delta,41
535,110,42
536,Defender 110,42
537,Defender 130,42
538,Defender 90,42
539,Discovery,42
540,Discovery 3,42
541,Discovery 4,42
542,Discovery Sport,42
543,Freelander,42
544,Freelander 2,42
545,Range Rover,42
546,Range Rover Evoque,42
547,Range Rover Sport,42
548,Range Rover Velar,42
549,Series III,42
550,TX,43
551,CT,44
552,ES,44
553,GS,44
554,IS,44
555,IS F,44
556,LBX,44
557,LC,44
558,LM,44
559,LS,44
560,NX,44
561,RC,44
562,RC F,44
563,RX,44
564,RX L,44
565,RZ,44
566,SC,44
567,UX,44
568,TX4,45
569,2-Eleven,46
570,3-Eleven,46
571,Elan,46
572,Eletre,46
573,Elise,46
574,Emeya,46
575,Emira,46
576,Esprit,46
577,Evora,46
578,Exige,46
579,e2o,47
580,Indian,47
581,3200,48
582,Coupe,48
583,Ghibli,48
584,GranCabrio,48
585,Granturismo,48
586,Grecale,48
587,Levante,48
588,MC20,48
589,Quattroporte,48
590,Spyder,48
591,eTERRON 9,49
592,Mifa 7,49
593,Mifa 9,49
594,T60 MAX,49
595,T90EV,49
596,2,50
597,3,50
598,5,50
599,6,50
600,323,50
601,626,50
602,2 HYBRID,50
603,CX-3,50
604,CX-30,50
605,CX-5,50
606,CX-60,50
607,CX-7,50
608,CX-80,50
609,MX-30,50
610,MX-5,50
611,MX-5 RF,50
612,MX-6,50
613,RX-7,50
614,RX-8,50
615,12C,51
616,540C,51
617,570GT,51
618,570S,51
619,600LT,51
620,650S,51
621,675LT,51
622,720S,51
623,750S,51
624,765LT,51
625,Artura,51
626,GT,51
627,MP4,51
628,P1,51
629,190,52
630,230,52
631,240,52
632,260,52
633,280,52
634,300,52
635,320,52
636,380,52
637,500,52
638,560,52
639,600,52
640,A Class,52
641,AMG,52
642,AMG GT,52
643,B Class,52
644,C Class,52
645,Citan,52
646,CL,52
647,CLA,52
648,CLC Class,52
649,CLE,52
650,CLK,52
651,CLS,52
652,E Class,52
653,EQA,52
654,EQB,52
655,EQC,52
656,EQE,52
657,EQS,52
658,EQV,52
659,eVito,52
660,G Class,52
661,GL Class,52
662,GLA,52
663,GLB,52
664,GLC,52
665,GLE,52
666,GLS,52
667,M Class,52
668,Maybach GLS,52
669,Maybach S Class,52
670,R Class,52
671,S Class,52
672,SL,52
673,SLC,52
674,SLK,52
675,SLR McLaren,52
676,SLS,52
677,Sprinter,52
678,Traveliner,52
679,V Class,52
680,Vaneo,52
681,Viano,52
682,Vito,52
683,X Class,52
684,Cyberster,53
685,GS,53
686,Metro,53
687,MG HS,53
688,MG ZS,53
689,MG3,53
690,MG4,53
691,MG5,53
692,MG6,53
693,MGB,53
694,MGB GT,53
695,MGF,53
696,MGS5,53
697,TF,53
698,ZR,53
699,ZT,53
700,ZT-T,53
701,Microlino,54
702,Aceman,55
703,Clubman,55
704,Clubvan,55
705,Convertible,55
706,Cooper,55
707,Cooper Convertible,55
708,Countryman,55
709,Coupe,55
710,Electric Convertible,55
711,Electric Cooper,55
712,Electric Countryman,55
713,Electric Hatch,55
714,Hatch,55
715,Paceman,55
716,Roadster,55
717,ASX,56
718,Carisma,56
719,Colt,56
720,Colt Cabriolet,56
721,Colt Space Star,56
722,Eclipse Cross,56
723,Grandis,56
724,L200,56
725,Lancer,56
726,Mirage,56
727,Outlander,56
728,Shogun,56
729,Shogun Pinin,56
730,Shogun Sport,56
731,Space Star,56
732,45751,57
733,Plus Eight,57
734,Plus Four,57
735,Plus Six,57
736,200 SX,58
737,300 ZX,58
738,350 Z,58
739,370 Z,58
740,Almera,58
741,Almera Tino,58
742,ARIYA,58
743,Bluebird,58
744,Cube,58
745,e-NV200,58
746,eNV200 Evalia,58
747,GT-R,58
748,Juke,58
749,Kubistar,58
750,Leaf,58
751,Maxima QX,58
752,Micra,58
753,Micra C+C,58
754,Murano,58
755,Navara,58
756,Note,58
757,NV200,58
758,NV300,58
759,Pathfinder,58
760,Patrol,58
761,Patrol GR,58
762,Pickup,58
763,Pixo,58
764,Primastar,58
765,Primera,58
766,Pulsar,58
767,Qashqai,58
768,Qashqai+2,58
769,Serena,58
770,Skyline,58
771,Sunny,58
772,Terrano,58
773,Terrano II,58
774,Tiida,58
775,X-Trail,58
776,M12,59
777,OMODA 5,60
778,OMODA 9,60
779,OMODA E5,60
780,Kelisa,61
781,Myvi,61
782,106,62
783,107,62
784,108,62
785,205,62
786,206,62
787,207,62
788,208,62
789,306,62
790,307,62
791,308,62
792,309,62
793,406,62
794,407,62
795,408,62
796,508,62
797,807,62
798,1007,62
799,2008,62
800,3008,62
801,4007,62
802,5008,62
803,206 CC,62
804,206 SW,62
805,207 CC,62
806,207 SW,62
807,307 CC,62
808,307 SW,62
809,308 CC,62
810,308 SW,62
811,407 SW,62
812,508 SW,62
813,Bipper,62
814,Bipper Tepee,62
815,Boxer,62
816,E-2008,62
817,E-208,62
818,E-3008,62
819,E-308,62
820,E-308 SW,62
821,E-5008,62
822,e-Partner,62
823,e-Rifter,62
824,e-Traveller,62
825,Expert,62
826,Expert Tepee,62
827,Partner,62
828,Partner Tepee,62
829,RCZ,62
830,Rifter,62
831,Traveller,62
832,Polestar 2,63
833,Polestar 3,63
834,Polestar 4,63
835,911,64
836,924,64
837,928,64
838,944,64
839,968,64
840,718 Boxster,64
841,718 Cayman,64
842,718 Spyder,64
843,Boxster,64
844,Cayenne,64
845,Cayman,64
846,Macan,64
847,Panamera,64
848,Taycan,64
849,GEN-2,65
850,Savvy,65
851,Rapture,66
852,Scimitar,67
853,5,68
854,5 E-Tech electric,68
855,Arkana,68
856,Austral,68
857,Avantime,68
858,Captur,68
859,Clio,68
860,Espace,68
861,Grand Espace,68
862,Grand Modus,68
863,Grand Scenic,68
864,GTA,68
865,Kadjar,68
866,Kangoo,68
867,Kangoo Maxi,68
868,Koleos,68
869,Laguna,68
870,Master,68
871,Megane,68
872,Megane E-Tech,68
873,Modus,68
874,Rafale,68
875,Scenic,68
876,Scenic E-Tech,68
877,Scenic Xmod,68
878,Symbioz,68
879,Trafic,68
880,Twingo,68
881,Twizy,68
882,Wind,68
883,Zoe,68
884,Corniche,69
885,Cullinan,69
886,Cullinan Series II,69
887,Dawn,69
888,Ghost,69
889,Phantom,69
890,Silver Shadow,69
891,Silver Spirit,69
892,Silver Spur,69
893,Wraith,69
894,12,70
895,45,70
896,75,70
897,100,70
898,200,70
899,400,70
900,600,70
901,75 Tourer,70
902,Cabriolet,70
903,Metro,70
904,Mini,70
905,P6,70
906,900,71
907,45903,71
908,9-3X,71
909,Alhambra,72
910,Altea,72
911,Altea XL,72
912,Arona,72
913,Arosa,72
914,Ateca,72
915,CUPRA Ateca,72
916,Exeo,72
917,Ibiza,72
918,Leon,72
919,Mii,72
920,Tarraco,72
921,Toledo,72
922,Citigo,73
923,Elroq,73
924,Enyaq,73
925,Fabia,73
926,Kamiq,73
927,Karoq,73
928,Kodiaq,73
929,Octavia,73
930,Rapid,73
931,Rapid Spaceback,73
932,Roomster,73
933,Scala,73
934,Superb,73
935,Yeti,73
936,BE11,74
937,#1,75
938,#3,75
939,forfour,75
940,fortwo,75
941,Roadster,75
942,Korando,76
943,Korando e-Motion,76
944,Korando Sports,76
945,Kyron,76
946,Musso,76
947,Rexton,76
948,Rodius,76
949,Tivoli,76
950,Tivoli XLV,76
951,Turismo,76
952,BRZ,77
953,Crosstrek,77
954,Forester,77
955,Impreza,77
956,Justy,77
957,Legacy,77
958,Levorg,77
959,Outback,77
960,Solterra,77
961,WRX STI,77
962,XV,77
963,Alto,78
964,Baleno,78
965,Celerio,78
966,Grand Vitara,78
967,Ignis,78
968,Jimny,78
969,Kizashi,78
970,Liana,78
971,S-Cross,78
972,Splash,78
973,Swace,78
974,Swift,78
975,SX4,78
976,SX4 S-Cross,78
977,Vitara,78
978,Wagon R,78
979,Model 3,79
980,Model S,79
981,Model X,79
982,Model Y,79
983,Roadster,79
984,Auris,80
985,Avensis,80
986,Avensis Verso,80
987,AYGO,80
988,Aygo X,80
989,bZ4X,80
990,C-HR,80
991,Camry,80
992,Carina E,80
993,Celica,80
994,Corolla,80
995,Corolla Verso,80
996,Crown,80
997,GR86,80
998,GT86,80
999,HiAce,80
1000,Highlander,80
1001,Hilux,80
1002,iQ,80
1003,Land Cruiser,80
1004,Land Cruiser Amazon,80
1005,Land Cruiser Colorado,80
1006,Mirai,80
1007,MR2,80
1008,Previa,80
1009,Prius,80
1010,Prius+,80
1011,ProAce,80
1012,PROACE CITY Verso,80
1013,PROACE Verso,80
1014,RAV4,80
1015,Starlet,80
1016,Supra,80
1017,Urban Cruiser,80
1018,Verso,80
1019,Verso S,80
1020,Yaris,80
1021,Yaris Cross,80
1022,Yaris Verso,80
1023,Dolomite,81
1024,Cerbera,82
1025,Chimaera,82
1026,Griffith,82
1027,S3,82
1028,Tuscan,82
1029,ADAM,83
1030,Agila,83
1031,Ampera,83
1032,Antara,83
1033,Astra,83
1034,Astra Electric,83
1035,Astra GTC,83
1036,Astra Van,83
1037,Calibra,83
1038,Carlton,83
1039,Cascada,83
1040,Cavalier,83
1041,Combo,83
1042,Combo Electric,83
1043,Combo Life,83
1044,Combo Life Electric,83
1045,Corsa,83
1046,Corsa Electric,83
1047,Corsa Van,83
1048,Crossland,83
1049,Crossland X,83
1050,Frontera,83
1051,Frontera Electric,83
1052,Grandland,83
1053,Grandland Electric,83
1054,Grandland X,83
1055,Insignia,83
1056,Lotus Carlton,83
1057,Meriva,83
1058,Mokka,83
1059,Mokka Electric,83
1060,Mokka X,83
1061,Monaro,83
1062,Movano,83
1063,Nova,83
1064,Omega,83
1065,Senator,83
1066,Signum,83
1067,Tigra,83
1068,Vectra,83
1069,Viva,83
1070,Vivaro,83
1071,Vivaro Electric,83
1072,Vivaro Life,83
1073,Vivaro Life Electric,83
1074,VX220,83
1075,VXR8,83
1076,Zafira,83
1077,Zafira Tourer,83
1078,Amarok,84
1079,Arteon,84
1080,Beetle,84
1081,Bora,84
1082,Caddy,84
1083,Caddy California,84
1084,Caddy California Maxi,84
1085,Caddy Life,84
1086,Caddy Maxi,84
1087,Caddy Maxi Life,84
1088,California,84
1089,Caravelle,84
1090,CC,84
1091,Corrado,84
1092,CRAFTER,84
1093,e-Golf,84
1094,e-Transporter,84
1095,e-up!,84
1096,Eos,84
1097,Fox,84
1098,Golf,84
1099,Golf Plus,84
1100,Golf SV,84
1101,Grand California,84
1102,ID.3,84
1103,ID.4,84
1104,ID.5,84
1105,ID.7,84
1106,ID.Buzz,84
1107,Jetta,84
1108,Lupo,84
1109,Multivan,84
1110,Passat,84
1111,Phaeton,84
1112,Polo,84
1113,Scirocco,84
1114,Sharan,84
1115,T-Cross,84
1116,T-Roc,84
1117,Taigo,84
1118,Tayron,84
1119,Tiguan,84
1120,Tiguan Allspace,84
1121,Touareg,84
1122,Touran,84
1123,Transporter,84
1124,Transporter Shuttle,84
1125,Transporter Sportline,84
1126,up!,84
1127,360,85
1128,740,85
1129,760,85
1130,850,85
1131,940,85
1132,960,85
1133,C30,85
1134,C40,85
1135,C70,85
1136,EC40,85
1137,EX30,85
1138,EX30 Cross Country,85
1139,EX40,85
1140,EX90,85
1141,S40,85
1142,S60,85
1143,S70,85
1144,S80,85
1145,S90,85
1146,V40,85
1147,V40 Cross Country,85
1148,V50,85
1149,V60,85
1150,V60 Cross Country,85
1151,V70,85
1152,V90,85
1153,V90 Cross Country,85
1154,XC40,85
1155,XC60,85
1156,XC70,85
1157,XC90,85
1158,G6,86
1159,Nemo,14
1161,Grafter,33
1162,ESprinter,52
1163,NV400,58
1164,HORIZON RS,62
1166,45905,71
1167,S4 Cabriolet,5
1168,Townstar,58
1169,MOVANO 3500,83
1170,DELIVER 9,49